ID,STATE,FIRE_YEAR,FIRE_COUNT,FIRE_AREA,NUM_BURNED_ACRES_PER_10K_ACRE
0,Alabama,1992,68,1247.6,0.41
1,Alabama,1993,106,2328.1,0.77
2,Alabama,1994,2722,34462.5,11.34
3,Alabama,1995,3223,38618.20000000003,12.71
4,Alabama,1996,3130,47426.19999999999,15.61
5,Alabama,1997,1931,21881.0,7.2
6,Alabama,1998,2747,35325.39999999995,11.63
7,Alabama,1999,3399,52258.49999999998,17.2
8,Alabama,2000,4858,87872.7999999999,28.92
9,Alabama,2001,2622,38902.79999999997,12.8
10,Alabama,2002,2371,38535.09999999997,12.68
11,Alabama,2003,1424,20663.600000000002,6.8
12,Alabama,2004,2497,46727.39999999997,15.38
13,Alabama,2005,2126,43083.099999999955,14.18
14,Alabama,2006,3327,79368.29999999994,26.12
15,Alabama,2007,3091,56573.900000000016,18.62
16,Alabama,2008,1613,23185.500000000004,7.63
17,Alabama,2009,1139,24865.9,8.18
18,Alabama,2010,2401,41943.59999999997,13.8
19,Alabama,2011,1707,54000.79999999999,17.77
20,Alabama,2012,1180,28877.3,9.5
21,Alabama,2013,1093,29849.6,9.82
22,Alabama,2014,1534,37823.999999999985,12.45
23,Alabama,2015,1335,30703.3,10.1
24,Alaska,1992,158,142664.49999999994,4.17
25,Alaska,1993,308,687102.7000000002,20.07
26,Alaska,1994,231,261901.2,7.65
27,Alaska,1995,120,43915.2,1.28
28,Alaska,1996,229,598719.3000000002,17.49
29,Alaska,1997,283,2026135.2000000002,59.18
30,Alaska,1998,97,120738.20000000003,3.53
31,Alaska,1999,193,1005797.7999999998,29.38
32,Alaska,2000,122,756341.9999999999,22.09
33,Alaska,2001,92,219880.30000000002,6.42
34,Alaska,2002,213,2186591.3000000003,63.86
35,Alaska,2003,149,601625.0000000002,17.57
36,Alaska,2004,309,6591812.399999997,192.53
37,Alaska,2005,345,4635851.299999999,135.4
38,Alaska,2006,94,254483.10000000003,7.43
39,Alaska,2007,256,634421.7999999996,18.53
40,Alaska,2008,134,92444.20000000006,2.7
41,Alaska,2009,216,2949543.7000000007,86.15
42,Alaska,2010,345,1137478.3,33.22
43,Alaska,2011,155,292953.49999999994,8.56
44,Alaska,2012,175,300550.8999999999,8.78
45,Alaska,2013,228,1320703.4,38.57
46,Alaska,2014,98,233561.4,6.82
47,Alaska,2015,433,5136656.199999999,150.03
48,Arizona,1992,1243,42210.299999999996,6.19
49,Arizona,1993,2177,205077.8000000001,30.09
50,Arizona,1994,1582,223665.00000000015,32.82
51,Arizona,1995,1895,261658.4,38.39
52,Arizona,1996,993,186950.49999999988,27.43
53,Arizona,1997,492,13069.900000000001,1.92
54,Arizona,1998,808,27032.600000000002,3.97
55,Arizona,1999,713,73477.50000000001,10.78
56,Arizona,2000,957,92440.59999999999,13.56
57,Arizona,2001,838,35404.399999999994,5.19
58,Arizona,2002,757,629355.2,92.34
59,Arizona,2003,579,199649.30000000005,29.29
60,Arizona,2004,645,229272.70000000004,33.64
61,Arizona,2005,1465,902462.8000000004,132.41
62,Arizona,2006,981,181150.00000000006,26.58
63,Arizona,2007,543,114876.20000000001,16.85
64,Arizona,2008,470,113668.90000000007,16.68
65,Arizona,2009,741,221798.59999999992,32.54
66,Arizona,2010,387,87527.50000000001,12.84
67,Arizona,2011,584,1037553.9000000004,152.23
68,Arizona,2012,555,228623.19999999987,33.54
69,Arizona,2013,430,103066.5,15.12
70,Arizona,2014,410,202880.1,29.77
71,Arizona,2015,401,155422.59999999986,22.8
72,Arkansas,1992,94,1472.1,0.47
73,Arkansas,1993,100,1748.8000000000004,0.56
74,Arkansas,1994,107,2291.8999999999996,0.73
75,Arkansas,1995,165,5172.0,1.66
76,Arkansas,1996,164,5275.100000000001,1.69
77,Arkansas,1997,998,11433.3,3.66
78,Arkansas,1998,1103,13013.3,4.17
79,Arkansas,1999,2166,24018.6,7.69
80,Arkansas,2000,2301,29039.5,9.3
81,Arkansas,2001,1230,14445.4,4.63
82,Arkansas,2002,961,13640.5,4.37
83,Arkansas,2003,1636,25980.500000000004,8.32
84,Arkansas,2004,1325,23639.299999999996,7.57
85,Arkansas,2005,2259,40425.6,12.95
86,Arkansas,2006,2512,67929.20000000001,21.76
87,Arkansas,2007,1268,25677.299999999996,8.22
88,Arkansas,2008,860,11194.5,3.59
89,Arkansas,2009,1064,17772.7,5.69
90,Arkansas,2010,2194,34750.0,11.13
91,Arkansas,2011,2371,47879.3,15.34
92,Arkansas,2012,2183,38788.8,12.42
93,Arkansas,2013,815,13293.9,4.26
94,Arkansas,2014,1263,21036.4,6.74
95,Arkansas,2015,1246,18725.699999999997,6.0
96,California,1992,3383,295176.0999999996,31.58
97,California,1993,3139,320548.19999999925,34.3
98,California,1994,3029,406917.59999999957,43.54
99,California,1995,2665,215199.49999999994,23.02
100,California,1996,3498,706054.4000000001,75.54
101,California,1997,2611,323620.99999999965,34.62
102,California,1998,2167,159192.30000000002,17.03
103,California,1999,2888,803068.4,85.92
104,California,2000,2169,251856.7,26.95
105,California,2001,2510,349217.9999999995,37.36
106,California,2002,2383,514109.59999999957,55.0
107,California,2003,2574,1031032.6999999996,110.31
108,California,2004,2413,300224.2999999998,32.12
109,California,2005,2381,257948.89999999997,27.6
110,California,2006,3030,811782.2000000007,86.85
111,California,2007,4278,1044374.0000000006,111.74
112,California,2008,3989,1429424.6000000022,152.93
113,California,2009,2929,454673.0999999997,48.65
114,California,2010,2446,120408.2000000001,12.88
115,California,2011,3402,191544.19999999998,20.49
116,California,2012,2779,764077.8999999998,81.75
117,California,2013,3108,580544.8000000009,62.11
118,California,2014,1913,546220.9999999995,58.44
119,California,2015,2027,848036.7999999985,90.73
120,Colorado,1992,246,7305.300000000002,1.17
121,Colorado,1993,268,35400.0,5.69
122,Colorado,1994,683,70468.4,11.33
123,Colorado,1995,398,19869.600000000002,3.2
124,Colorado,1996,299,69878.4,11.24
125,Colorado,1997,105,5952.5,0.96
126,Colorado,1998,181,8291.5,1.33
127,Colorado,1999,178,20226.2,3.25
128,Colorado,2000,356,115592.30000000002,18.59
129,Colorado,2001,220,22846.699999999997,3.67
130,Colorado,2002,273,476292.30000000005,76.59
131,Colorado,2003,453,45320.399999999994,7.29
132,Colorado,2004,204,33641.899999999994,5.41
133,Colorado,2005,462,39208.30000000001,6.31
134,Colorado,2006,263,45751.19999999998,7.36
135,Colorado,2007,180,13907.899999999996,2.24
136,Colorado,2008,253,111913.80000000002,18.0
137,Colorado,2009,171,37617.5,6.05
138,Colorado,2010,539,51656.6,8.31
139,Colorado,2011,175,127114.59999999999,20.44
140,Colorado,2012,253,271147.7999999999,43.6
141,Colorado,2013,431,161741.70000000004,26.01
142,Colorado,2014,77,24632.2,3.96
143,Colorado,2015,95,22741.699999999997,3.66
144,Connecticut,1992,50,438.0,1.51
145,Connecticut,1993,65,393.2,1.35
146,Connecticut,1994,94,908.6,3.13
147,Connecticut,1995,74,420.90000000000003,1.45
148,Connecticut,1996,15,64.5,0.22
149,Connecticut,1997,38,591.8,2.04
150,Connecticut,1998,27,131.2,0.45
151,Connecticut,1999,156,1643.1,5.66
152,Connecticut,2000,48,473.2,1.63
153,Connecticut,2001,94,720.7,2.48
154,Connecticut,2002,43,172.0,0.59
155,Connecticut,2003,25,116.8,0.4
156,Connecticut,2004,19,62.0,0.21
157,Connecticut,2005,74,218.90000000000003,0.75
158,Connecticut,2006,89,354.0,1.22
159,Connecticut,2007,72,224.80000000000004,0.77
160,Connecticut,2008,103,2003.8999999999996,6.9
161,Connecticut,2009,72,204.60000000000005,0.7
162,Connecticut,2010,129,405.00000000000006,1.39
163,Connecticut,2011,47,184.6,0.64
164,Connecticut,2012,84,437.6,1.51
165,Connecticut,2015,119,366.70000000000005,1.26
166,Delaware,1992,3,124.0,1.06
167,Delaware,1993,1,1.0,0.01
168,Delaware,1994,2,96.0,0.82
169,Delaware,1995,2,2014.0,17.22
170,Delaware,1997,4,24.5,0.21
171,Delaware,1999,2,507.0,4.34
172,Delaware,2000,1,65.0,0.56
173,Delaware,2001,1,10.5,0.09
174,Delaware,2002,9,1265.0,10.82
175,Delaware,2003,6,263.0,2.25
176,Delaware,2004,11,135.0,1.15
177,Delaware,2005,4,166.0,1.42
178,Delaware,2010,1,3.0,0.03
179,Delaware,2012,11,37.0,0.32
180,Delaware,2013,5,18.8,0.16
181,Delaware,2014,3,5.0,0.04
182,Delaware,2015,12,78.0,0.67
183,District of Columbia,1993,4,8.9,2.43
184,District of Columbia,1994,1,4.7,1.28
185,District of Columbia,1998,2,2.2,0.6
186,District of Columbia,1999,1,1.0,0.27
187,District of Columbia,2002,1,1.0,0.27
188,District of Columbia,2012,4,4.1,1.12
189,District of Columbia,2015,1,2.0,0.55
190,Florida,1992,3123,95018.10000000002,29.53
191,Florida,1993,3145,79423.19999999995,24.68
192,Florida,1994,2431,102827.70000000003,31.96
193,Florida,1995,2210,56452.39999999998,17.55
194,Florida,1996,3251,107168.40000000001,33.31
195,Florida,1997,2657,132879.09999999998,41.3
196,Florida,1998,3065,377346.1999999997,117.28
197,Florida,1999,3543,412906.6999999996,128.33
198,Florida,2000,4143,242113.5000000003,75.25
199,Florida,2001,3136,411324.99999999994,127.84
200,Florida,2002,1946,61681.89999999999,19.17
201,Florida,2003,1331,46640.100000000006,14.5
202,Florida,2004,2297,204037.80000000016,63.42
203,Florida,2005,1556,39505.499999999985,12.28
204,Florida,2006,3234,253140.00000000006,78.68
205,Florida,2007,2939,546552.2999999996,169.87
206,Florida,2008,1939,184222.8999999999,57.26
207,Florida,2009,1998,144298.70000000007,44.85
208,Florida,2010,1443,62670.40000000004,19.48
209,Florida,2011,3207,330756.99999999924,102.8
210,Florida,2012,1946,138712.4000000001,43.11
211,Florida,2013,1377,76917.10000000006,23.91
212,Florida,2014,1322,156192.2999999999,48.54
213,Florida,2015,2463,166982.69999999998,51.9
214,Georgia,1992,4079,26506.499999999804,7.68
215,Georgia,1993,5306,39725.79999999971,11.51
216,Georgia,1994,3871,24457.799999999872,7.09
217,Georgia,1995,4310,23726.6999999998,6.88
218,Georgia,1996,5677,37143.09999999952,10.76
219,Georgia,1997,3819,21234.89999999978,6.15
220,Georgia,1998,3704,45165.29999999988,13.09
221,Georgia,1999,6380,72073.50000000007,20.89
222,Georgia,2000,6045,62649.89999999938,18.16
223,Georgia,2001,5435,52482.099999999824,15.21
224,Georgia,2002,4673,166268.60000000056,48.18
225,Georgia,2003,2239,11072.400000000012,3.21
226,Georgia,2004,4617,34519.4999999999,10.0
227,Georgia,2005,3305,18912.60000000002,5.48
228,Georgia,2006,5021,37116.69999999985,10.76
229,Georgia,2007,4793,326660.1999999972,94.66
230,Georgia,2008,3212,25366.099999999995,7.35
231,Georgia,2009,2319,17416.300000000007,5.05
232,Georgia,2010,3077,22841.7,6.62
233,Georgia,2011,5237,437254.3999999938,126.71
234,Georgia,2012,2863,24959.599999999857,7.23
235,Georgia,2013,1977,14403.600000000028,4.17
236,Georgia,2014,2544,21883.699999999997,6.34
237,Georgia,2015,1413,11203.70000000003,3.25
238,Hawaii,1992,44,11157.6,28.95
239,Hawaii,1993,6,2561.2,6.65
240,Hawaii,1994,3,78.0,0.2
241,Hawaii,1995,5,1027.0,2.66
242,Hawaii,1996,5,380.0,0.99
243,Hawaii,1997,2,51.0,0.13
244,Hawaii,1998,21,31674.7,82.19
245,Hawaii,1999,4,15129.0,39.26
246,Hawaii,2000,9,5669.0,14.71
247,Hawaii,2001,133,2284.3,5.93
248,Hawaii,2002,118,6946.7,18.03
249,Hawaii,2003,222,24183.300000000003,62.75
250,Hawaii,2004,143,3812.5,9.89
251,Hawaii,2005,333,45479.1,118.01
252,Hawaii,2006,167,13397.5,34.76
253,Hawaii,2007,242,39554.6,102.64
254,Hawaii,2008,117,6039.500000000001,15.67
255,Hawaii,2009,131,11733.900000000001,30.45
256,Hawaii,2010,184,15126.499999999998,39.25
257,Hawaii,2011,90,4880.400000000001,12.66
258,Hawaii,2012,128,4934.5,12.8
259,Hawaii,2013,10,755.8,1.96
260,Hawaii,2015,4,4836.6,12.55
261,Idaho,1992,666,684423.9999999998,138.03
262,Idaho,1993,151,7909.2,1.6
263,Idaho,1994,932,728614.0999999999,146.94
264,Idaho,1995,398,268526.8999999999,54.15
265,Idaho,1996,731,896467.9000000001,180.79
266,Idaho,1997,372,42785.19999999998,8.63
267,Idaho,1998,464,151096.80000000002,30.47
268,Idaho,1999,637,415986.80000000005,83.89
269,Idaho,2000,690,1350613.0,272.38
270,Idaho,2001,591,192623.30000000005,38.85
271,Idaho,2002,374,86022.20000000001,17.35
272,Idaho,2003,569,335924.0,67.75
273,Idaho,2004,234,18888.399999999998,3.81
274,Idaho,2005,534,648808.9000000001,130.85
275,Idaho,2006,687,910576.3,183.64
276,Idaho,2007,739,2184506.9000000004,440.55
277,Idaho,2008,324,175084.6000000001,35.31
278,Idaho,2009,313,23774.599999999995,4.79
279,Idaho,2010,416,643749.2999999999,129.83
280,Idaho,2011,491,409213.4000000001,82.53
281,Idaho,2012,612,1775004.6000000006,357.97
282,Idaho,2013,558,740165.4999999995,149.27
283,Idaho,2014,389,198756.59999999995,40.08
284,Idaho,2015,477,790896.6999999998,159.5
285,Illinois,1992,13,234.6,0.07
286,Illinois,1993,3,29.6,0.01
287,Illinois,1994,23,382.40000000000003,0.11
288,Illinois,1995,37,991.0,0.3
289,Illinois,1996,17,149.0,0.04
290,Illinois,1997,5,13.2,0.0
291,Illinois,1998,17,164.1,0.05
292,Illinois,1999,30,493.8,0.15
293,Illinois,2000,25,596.5,0.18
294,Illinois,2001,29,528.4,0.16
295,Illinois,2002,23,96.9,0.03
296,Illinois,2003,30,1592.1,0.48
297,Illinois,2004,59,867.4000000000001,0.26
298,Illinois,2005,27,971.9,0.29
299,Illinois,2006,17,270.79999999999995,0.08
300,Illinois,2007,75,824.6,0.25
301,Illinois,2008,117,925.6999999999999,0.28
302,Illinois,2009,205,3231.8999999999996,0.97
303,Illinois,2010,253,2570.5,0.77
304,Illinois,2011,85,2212.6,0.66
305,Illinois,2012,103,1341.9,0.4
306,Illinois,2013,26,144.1,0.04
307,Illinois,2014,171,2404.7000000000003,0.72
308,Illinois,2015,83,1585.3999999999999,0.48
309,Indiana,1992,32,237.1,0.11
310,Indiana,1993,13,458.3,0.21
311,Indiana,1994,26,569.7,0.27
312,Indiana,1995,40,872.2999999999998,0.41
313,Indiana,1996,26,486.4000000000001,0.23
314,Indiana,1997,7,79.39999999999999,0.04
315,Indiana,1998,22,169.5,0.08
316,Indiana,1999,63,750.3999999999999,0.35
317,Indiana,2000,57,700.0,0.33
318,Indiana,2001,92,1157.1,0.54
319,Indiana,2002,63,753.3,0.35
320,Indiana,2003,86,1411.5,0.66
321,Indiana,2004,92,764.5,0.36
322,Indiana,2005,73,559.5,0.26
323,Indiana,2006,35,979.5,0.46
324,Indiana,2007,64,2096.2,0.98
325,Indiana,2008,30,135.4,0.06
326,Indiana,2009,23,104.8,0.05
327,Indiana,2010,35,1564.2,0.73
328,Indiana,2011,15,697.6,0.32
329,Indiana,2012,37,1038.4,0.48
330,Indiana,2013,9,739.1,0.34
331,Indiana,2014,25,129.89999999999998,0.06
332,Indiana,2015,11,672.4000000000001,0.31
333,Iowa,1992,4,84.8,0.03
334,Iowa,1993,3,30.0,0.01
335,Iowa,1994,4,104.9,0.03
336,Iowa,1995,6,57.4,0.02
337,Iowa,1996,26,1025.6,0.31
338,Iowa,1997,7,91.5,0.03
339,Iowa,1998,3,70.0,0.02
340,Iowa,1999,17,434.9,0.13
341,Iowa,2000,17,1734.0,0.52
342,Iowa,2001,6,84.0,0.03
343,Iowa,2002,26,263.0,0.08
344,Iowa,2003,37,3330.0,0.99
345,Iowa,2004,40,1108.6,0.33
346,Iowa,2005,23,6498.0,1.94
347,Iowa,2006,360,5347.7,1.6
348,Iowa,2007,101,830.1999999999999,0.25
349,Iowa,2008,118,1679.8,0.5
350,Iowa,2009,616,7914.200000000001,2.36
351,Iowa,2010,160,2393.3999999999996,0.71
352,Iowa,2011,362,7443.1,2.22
353,Iowa,2012,344,3947.7,1.18
354,Iowa,2013,183,2398.7,0.72
355,Iowa,2014,427,10480.4,3.13
356,Iowa,2015,430,13884.1,4.14
357,Kansas,1992,12,250.7,0.05
358,Kansas,1993,12,1809.0,0.37
359,Kansas,1994,37,84457.3,17.22
360,Kansas,1995,17,4534.5,0.92
361,Kansas,1996,25,147569.1,30.08
362,Kansas,1997,14,11408.6,2.33
363,Kansas,1998,25,5206.0,1.06
364,Kansas,1999,29,6530.099999999999,1.33
365,Kansas,2000,41,9218.7,1.88
366,Kansas,2001,54,2658.4,0.54
367,Kansas,2002,98,65538.8,13.36
368,Kansas,2003,71,8024.9,1.64
369,Kansas,2004,47,1674.0,0.34
370,Kansas,2005,116,22907.1,4.67
371,Kansas,2006,242,79150.4,16.13
372,Kansas,2007,121,16722.3,3.41
373,Kansas,2008,65,74241.5,15.13
374,Kansas,2009,68,38964.6,7.94
375,Kansas,2010,37,25108.6,5.12
376,Kansas,2011,48,91609.4,18.67
377,Kansas,2012,62,57328.8,11.69
378,Kansas,2013,9,6866.5,1.4
379,Kansas,2014,52,36524.9,7.45
380,Kansas,2015,3123,124073.5,25.29
381,Kentucky,1992,39,602.5,0.25
382,Kentucky,1993,63,839.5,0.35
383,Kentucky,1994,138,4650.8,1.96
384,Kentucky,1995,130,5849.5,2.47
385,Kentucky,1996,53,1111.9,0.47
386,Kentucky,1997,669,11611.6,4.9
387,Kentucky,1998,920,24959.8,10.54
388,Kentucky,1999,1835,125625.2,53.03
389,Kentucky,2000,1428,136165.2,57.47
390,Kentucky,2001,1879,175123.7,73.92
391,Kentucky,2002,1028,25851.6,10.91
392,Kentucky,2003,805,19801.1,8.36
393,Kentucky,2004,1060,22660.200000000004,9.56
394,Kentucky,2005,1498,56366.399999999994,23.79
395,Kentucky,2006,1677,53569.59999999999,22.61
396,Kentucky,2007,2046,65606.2,27.69
397,Kentucky,2008,1549,38912.2,16.42
398,Kentucky,2009,1408,43492.8,18.36
399,Kentucky,2010,1887,60205.2,25.41
400,Kentucky,2011,1022,23871.8,10.08
401,Kentucky,2012,1078,32592.999999999996,13.76
402,Kentucky,2013,940,22967.900000000005,9.69
403,Kentucky,2014,1377,42267.3,17.84
404,Kentucky,2015,707,19663.8,8.3
405,Louisiana,1992,77,25126.8,9.69
406,Louisiana,1993,104,8061.6,3.11
407,Louisiana,1994,91,2514.0,0.97
408,Louisiana,1995,117,7271.9,2.81
409,Louisiana,1996,135,8248.7,3.18
410,Louisiana,1997,1180,21629.4,8.34
411,Louisiana,1998,2026,34095.6,13.15
412,Louisiana,1999,2462,37589.0,14.5
413,Louisiana,2000,3833,91068.1,35.13
414,Louisiana,2001,822,26561.399999999998,10.25
415,Louisiana,2002,1295,24621.099999999984,9.5
416,Louisiana,2003,89,17358.9,6.7
417,Louisiana,2004,69,15112.5,5.83
418,Louisiana,2005,2923,66226.8,25.55
419,Louisiana,2006,2755,41863.499999999985,16.15
420,Louisiana,2007,58,771.0,0.3
421,Louisiana,2008,1120,24219.29999999999,9.34
422,Louisiana,2009,1182,35196.90000000001,13.58
423,Louisiana,2010,1832,43554.99999999998,16.8
424,Louisiana,2011,178,37830.5,14.59
425,Louisiana,2012,639,10455.299999999997,4.03
426,Louisiana,2013,814,22680.19999999996,8.75
427,Louisiana,2014,708,37533.90000000006,14.48
428,Louisiana,2015,839,20256.399999999994,7.81
429,Maine,1992,259,4314.300000000001,2.33
430,Maine,1993,256,1329.2999999999995,0.72
431,Maine,1994,207,1953.0999999999995,1.06
432,Maine,1995,263,1015.2999999999994,0.55
433,Maine,1996,96,364.99999999999994,0.2
434,Maine,1997,200,817.0,0.44
435,Maine,1998,185,1464.9999999999993,0.79
436,Maine,1999,220,966.7999999999997,0.52
437,Maine,2000,95,394.6,0.21
438,Maine,2001,267,2110.099999999999,1.14
439,Maine,2002,133,696.7,0.38
440,Maine,2003,188,782.9000000000001,0.42
441,Maine,2004,126,745.8999999999999,0.4
442,Maine,2005,157,668.3000000000003,0.36
443,Maine,2006,212,1762.2999999999995,0.95
444,Maine,2007,122,437.90000000000003,0.24
445,Maine,2008,121,486.49999999999994,0.26
446,Maine,2009,116,413.40000000000003,0.22
447,Maine,2010,89,223.59999999999997,0.12
448,Maine,2011,51,120.49999999999997,0.07
449,Maine,2012,124,397.6000000000002,0.21
450,Maine,2013,118,655.0999999999999,0.35
451,Maine,2014,66,171.70000000000002,0.09
452,Maine,2015,95,536.1999999999999,0.29
453,Maryland,1992,9,1160.0,1.99
454,Maryland,1993,10,1672.8,2.87
455,Maryland,1994,11,786.0,1.35
456,Maryland,1995,22,1302.1,2.24
457,Maryland,1996,14,311.0,0.53
458,Maryland,1997,14,180.7,0.31
459,Maryland,1998,12,542.4,0.93
460,Maryland,1999,20,1624.1,2.79
461,Maryland,2000,10,208.8,0.36
462,Maryland,2001,19,5878.0,10.09
463,Maryland,2002,12,1785.5,3.07
464,Maryland,2003,4,1373.0,2.36
465,Maryland,2004,19,6338.1,10.88
466,Maryland,2005,141,3983.3999999999996,6.84
467,Maryland,2006,213,6737.200000000005,11.57
468,Maryland,2007,184,7242.100000000006,12.43
469,Maryland,2008,144,2724.7999999999993,4.68
470,Maryland,2009,70,4571.600000000002,7.85
471,Maryland,2010,80,3561.5,6.12
472,Maryland,2011,84,10237.300000000005,17.58
473,Maryland,2012,85,1423.799999999999,2.44
474,Maryland,2013,60,413.39999999999986,0.71
475,Maryland,2014,55,1767.1999999999998,3.03
476,Maryland,2015,65,1027.3000000000002,1.76
477,Massachusetts,1992,3,5.0,0.01
478,Massachusetts,1993,1,0.8,0.0
479,Massachusetts,1995,2,6.0,0.01
480,Massachusetts,1996,1,1.5,0.0
481,Massachusetts,1997,3,4.6,0.01
482,Massachusetts,1998,1,3.0,0.01
483,Massachusetts,1999,1,0.6,0.0
484,Massachusetts,2000,3,5.8,0.01
485,Massachusetts,2001,10,267.5,0.57
486,Massachusetts,2002,58,500.3,1.07
487,Massachusetts,2003,30,384.3,0.82
488,Massachusetts,2004,35,191.0,0.41
489,Massachusetts,2005,12,825.0,1.76
490,Massachusetts,2006,10,16.7,0.04
491,Massachusetts,2007,15,202.3,0.43
492,Massachusetts,2008,5,847.0,1.81
493,Massachusetts,2009,1,1.0,0.0
494,Massachusetts,2010,2,322.0,0.69
495,Massachusetts,2012,2,2.0,0.0
496,Massachusetts,2013,3,17.4,0.04
497,Massachusetts,2014,3,372.5,0.8
498,Massachusetts,2015,378,1676.2999999999997,3.58
499,Michigan,1992,363,2934.799999999999,0.87
500,Michigan,1993,160,985.3,0.29
501,Michigan,1994,429,6657.4,1.96
502,Michigan,1995,366,4813.599999999999,1.42
503,Michigan,1996,241,2892.3,0.85
504,Michigan,1997,75,541.8,0.16
505,Michigan,1998,97,3938.5,1.16
506,Michigan,1999,94,10015.5,2.95
507,Michigan,2000,72,6002.3,1.77
508,Michigan,2001,227,1418.9999999999998,0.42
509,Michigan,2002,163,935.8000000000001,0.28
510,Michigan,2003,484,7004.800000000003,2.06
511,Michigan,2004,244,2697.4999999999986,0.8
512,Michigan,2005,362,4457.5999999999985,1.31
513,Michigan,2006,315,7780.800000000003,2.29
514,Michigan,2007,271,23041.59999999998,6.79
515,Michigan,2008,231,2570.2,0.76
516,Michigan,2009,253,3160.8999999999987,0.93
517,Michigan,2010,294,11990.000000000013,3.53
518,Michigan,2011,147,1802.7,0.53
519,Michigan,2012,326,28249.1,8.33
520,Michigan,2013,203,922.1000000000007,0.27
521,Michigan,2014,117,647.3999999999999,0.19
522,Michigan,2015,292,3761.4999999999995,1.11
523,Minnesota,1992,955,30022.999999999996,6.28
524,Minnesota,1993,857,18965.199999999997,3.97
525,Minnesota,1994,1160,36947.10000000002,7.73
526,Minnesota,1995,1061,45897.29999999998,9.61
527,Minnesota,1996,971,29451.6,6.16
528,Minnesota,1997,1298,20398.600000000002,4.27
529,Minnesota,1998,1246,48850.80000000001,10.22
530,Minnesota,1999,1132,32602.3,6.82
531,Minnesota,2000,1512,68901.89999999997,14.42
532,Minnesota,2001,602,22975.199999999997,4.81
533,Minnesota,2002,966,64119.29999999999,13.42
534,Minnesota,2003,1767,156392.70000000024,32.73
535,Minnesota,2004,1027,45445.49999999998,9.51
536,Minnesota,2005,814,22243.89999999999,4.66
537,Minnesota,2006,1192,72122.59999999995,15.1
538,Minnesota,2007,832,164202.20000000027,34.37
539,Minnesota,2008,547,21061.29999999999,4.41
540,Minnesota,2009,553,11561.500000000002,2.42
541,Minnesota,2010,960,35432.49999999998,7.42
542,Minnesota,2011,505,138906.40000000002,29.07
543,Minnesota,2012,1051,64616.99999999995,13.52
544,Minnesota,2013,523,21805.000000000007,4.56
545,Minnesota,2014,385,3847.4,0.81
546,Minnesota,2015,811,28728.900000000012,6.01
547,Mississippi,1992,4433,60816.8,21.6
548,Mississippi,1993,3974,54097.8,19.22
549,Mississippi,1994,3327,54471.2,19.35
550,Mississippi,1995,4948,68002.2,24.15
551,Mississippi,1996,4888,101698.70000000001,36.12
552,Mississippi,1997,2758,32348.7,11.49
553,Mississippi,1998,3398,39651.0,14.08
554,Mississippi,1999,5379,66111.5,23.48
555,Mississippi,2000,3406,52992.6,18.82
556,Mississippi,2001,2394,32205.9,11.44
557,Mississippi,2002,2373,34363.1,12.21
558,Mississippi,2003,1887,24738.2,8.79
559,Mississippi,2004,2779,41795.299999999996,14.85
560,Mississippi,2005,3478,55592.0,19.75
561,Mississippi,2006,5463,131111.1,46.57
562,Mississippi,2007,2718,52517.2,18.65
563,Mississippi,2008,1954,36335.5,12.91
564,Mississippi,2009,1908,26993.0,9.59
565,Mississippi,2010,2847,36531.6,12.98
566,Mississippi,2011,1537,29011.600000000002,10.3
567,Mississippi,2012,1185,12717.4,4.52
568,Mississippi,2013,1456,22012.100000000002,7.82
569,Mississippi,2014,2209,33233.3,11.8
570,Mississippi,2015,2093,35368.7,12.56
571,Missouri,1992,1664,28711.7,6.96
572,Missouri,1993,886,14993.6,3.64
573,Missouri,1994,1580,36241.6,8.79
574,Missouri,1995,2018,50183.6,12.17
575,Missouri,1996,417,8532.3,2.07
576,Missouri,1997,1304,23937.0,5.8
577,Missouri,1998,502,10977.7,2.66
578,Missouri,1999,1164,35486.8,8.6
579,Missouri,2000,654,17228.1,4.18
580,Missouri,2001,824,17069.3,4.14
581,Missouri,2002,648,20529.9,4.98
582,Missouri,2003,218,3252.899999999999,0.79
583,Missouri,2004,225,8199.5,1.99
584,Missouri,2005,318,18163.2,4.4
585,Missouri,2006,301,24268.399999999998,5.88
586,Missouri,2007,286,14207.5,3.44
587,Missouri,2008,91,5923.400000000001,1.44
588,Missouri,2009,202,17988.600000000002,4.36
589,Missouri,2010,167,14465.0,3.51
590,Missouri,2011,731,31841.9,7.72
591,Missouri,2012,181,18715.0,4.54
592,Missouri,2013,404,3882.9999999999995,0.94
593,Missouri,2014,1239,22452.600000000002,5.44
594,Missouri,2015,608,11977.5,2.9
595,Montana,1992,564,38430.99999999999,4.4
596,Montana,1993,194,12521.800000000001,1.43
597,Montana,1994,959,265353.79999999993,30.39
598,Montana,1995,358,25081.799999999992,2.87
599,Montana,1996,740,208621.40000000005,23.89
600,Montana,1997,309,11226.600000000002,1.29
601,Montana,1998,711,101171.79999999997,11.59
602,Montana,1999,686,117248.40000000001,13.43
603,Montana,2000,1034,822640.5000000001,94.2
604,Montana,2001,562,162383.9,18.59
605,Montana,2002,430,125928.50000000001,14.42
606,Montana,2003,763,748144.8999999999,85.67
607,Montana,2004,380,22718.099999999995,2.6
608,Montana,2005,424,114425.80000000008,13.1
609,Montana,2006,738,866364.1999999998,99.21
610,Montana,2007,609,744325.3000000004,85.23
611,Montana,2008,493,169722.3999999999,19.44
612,Montana,2009,498,53536.499999999985,6.13
613,Montana,2010,344,57362.30000000002,6.57
614,Montana,2011,316,139156.39999999997,15.93
615,Montana,2012,696,1007025.1,115.32
616,Montana,2013,380,77256.60000000006,8.85
617,Montana,2014,400,34803.900000000016,3.99
618,Montana,2015,614,349837.8999999998,40.06
619,Nebraska,1992,15,1225.3000000000002,0.27
620,Nebraska,1993,12,172.5,0.04
621,Nebraska,1994,62,6866.299999999999,1.49
622,Nebraska,1995,46,55756.3,12.1
623,Nebraska,1996,43,8274.5,1.8
624,Nebraska,1997,37,18125.7,3.93
625,Nebraska,1998,36,14108.8,3.06
626,Nebraska,1999,65,118548.9,25.72
627,Nebraska,2000,82,116088.59999999999,25.18
628,Nebraska,2001,45,2467.2,0.54
629,Nebraska,2002,133,10086.699999999999,2.19
630,Nebraska,2003,118,3307.4,0.72
631,Nebraska,2004,140,3646.2999999999997,0.79
632,Nebraska,2005,146,6473.599999999999,1.4
633,Nebraska,2006,96,89058.5,19.32
634,Nebraska,2007,428,20622.5,4.47
635,Nebraska,2008,326,7722.900000000001,1.68
636,Nebraska,2009,479,11133.800000000001,2.42
637,Nebraska,2010,392,23288.899999999998,5.05
638,Nebraska,2011,543,39002.7,8.46
639,Nebraska,2012,868,336030.69999999995,72.9
640,Nebraska,2013,275,10521.9,2.28
641,Nebraska,2014,481,20163.3,4.37
642,Nebraska,2015,422,44158.399999999994,9.58
643,Nevada,1992,139,92272.8,14.01
644,Nevada,1993,136,53920.299999999996,8.19
645,Nevada,1994,234,195971.7,29.75
646,Nevada,1995,211,119972.20000000001,18.21
647,Nevada,1996,462,627387.5,95.25
648,Nevada,1997,161,41793.4,6.34
649,Nevada,1998,229,91301.8,13.86
650,Nevada,1999,479,1773403.0000000002,269.23
651,Nevada,2000,378,651525.0000000003,98.91
652,Nevada,2001,402,598392.2,90.85
653,Nevada,2002,178,53111.100000000006,8.06
654,Nevada,2003,180,17319.399999999998,2.63
655,Nevada,2004,156,41678.99999999999,6.33
656,Nevada,2005,345,1101973.9,167.3
657,Nevada,2006,600,1328595.2000000007,201.7
658,Nevada,2007,297,946476.6000000001,143.69
659,Nevada,2008,122,79231.8,12.03
660,Nevada,2009,92,28618.0,4.34
661,Nevada,2010,78,19929.5,3.03
662,Nevada,2011,274,422886.6999999998,64.2
663,Nevada,2012,333,455252.1999999999,69.12
664,Nevada,2013,171,179939.5,27.32
665,Nevada,2014,104,69847.90000000001,10.6
666,Nevada,2015,106,23389.69999999999,3.55
667,New Hampshire,1992,78,153.9,0.29
668,New Hampshire,1993,77,142.8,0.27
669,New Hampshire,1994,79,187.3,0.35
670,New Hampshire,1995,103,278.50000000000006,0.52
671,New Hampshire,1996,40,82.79999999999998,0.15
672,New Hampshire,1997,40,93.09999999999998,0.17
673,New Hampshire,1998,93,229.69999999999996,0.43
674,New Hampshire,1999,2,15.8,0.03
675,New Hampshire,2000,47,117.3,0.22
676,New Hampshire,2001,61,132.0,0.25
677,New Hampshire,2002,63,140.7,0.26
678,New Hampshire,2003,34,80.8,0.15
679,New Hampshire,2004,38,222.80000000000007,0.41
680,New Hampshire,2005,48,99.1,0.18
681,New Hampshire,2006,59,272.00000000000006,0.51
682,New Hampshire,2007,41,127.49999999999999,0.24
683,New Hampshire,2008,60,169.3,0.32
684,New Hampshire,2009,46,115.99999999999997,0.22
685,New Hampshire,2010,25,45.300000000000004,0.08
686,New Hampshire,2011,3,4.2,0.01
687,New Hampshire,2012,38,86.49999999999999,0.16
688,New Hampshire,2013,27,65.60000000000001,0.12
689,New Hampshire,2014,19,70.5,0.13
690,New Hampshire,2015,43,583.7000000000002,1.09
691,New Jersey,1992,375,16320.799999999985,36.99
692,New Jersey,1993,182,737.4999999999997,1.67
693,New Jersey,1994,316,2433.8,5.52
694,New Jersey,1995,484,22567.599999999977,51.15
695,New Jersey,1996,191,761.2999999999997,1.73
696,New Jersey,1997,334,4461.200000000002,10.11
697,New Jersey,1998,294,1029.1999999999996,2.33
698,New Jersey,1999,417,15639.09999999998,35.44
699,New Jersey,2000,192,1793.7999999999995,4.07
700,New Jersey,2001,305,4052.100000000004,9.18
701,New Jersey,2002,235,5454.300000000002,12.36
702,New Jersey,2003,97,766.3,1.74
703,New Jersey,2004,80,277.30000000000007,0.63
704,New Jersey,2005,167,1112.2999999999997,2.52
705,New Jersey,2006,206,2185.199999999999,4.95
706,New Jersey,2007,165,20354.79999999999,46.13
707,New Jersey,2008,150,2975.8999999999996,6.74
708,New Jersey,2009,69,418.59999999999997,0.95
709,New Jersey,2010,143,6514.5999999999985,14.76
710,New Jersey,2011,30,81.6,0.18
711,New Jersey,2012,172,2883.8,6.54
712,New Jersey,2013,134,1202.4,2.73
713,New Jersey,2014,139,9618.0,21.8
714,New Jersey,2015,127,2359.8999999999996,5.35
715,New Mexico,1992,432,99097.3,13.62
716,New Mexico,1993,954,302168.5999999998,41.52
717,New Mexico,1994,1455,416397.39999999997,57.21
718,New Mexico,1995,738,139688.8,19.19
719,New Mexico,1996,945,171416.19999999995,23.55
720,New Mexico,1997,583,169808.99999999994,23.33
721,New Mexico,1998,614,97826.50000000001,13.44
722,New Mexico,1999,461,82417.4,11.32
723,New Mexico,2000,1327,516459.9999999999,70.96
724,New Mexico,2001,614,70352.20000000003,9.67
725,New Mexico,2002,741,320927.89999999997,44.1
726,New Mexico,2003,607,212955.69999999984,29.26
727,New Mexico,2004,266,91732.20000000006,12.6
728,New Mexico,2005,517,179001.70000000004,24.6
729,New Mexico,2006,727,546728.0,75.12
730,New Mexico,2007,563,144133.90000000002,19.8
731,New Mexico,2008,361,365400.20000000007,50.21
732,New Mexico,2009,722,423025.5,58.12
733,New Mexico,2010,515,130982.80000000006,18.0
734,New Mexico,2011,1130,1143745.6,157.15
735,New Mexico,2012,411,370862.7,50.96
736,New Mexico,2013,287,284936.0999999998,39.15
737,New Mexico,2014,250,43863.09999999999,6.03
738,New Mexico,2015,281,52042.50000000002,7.15
739,New York,1992,307,2326.0,0.82
740,New York,1993,249,1117.3,0.4
741,New York,1994,124,1153.7,0.41
742,New York,1995,443,9156.7,3.24
743,New York,1996,85,413.6,0.15
744,New York,1997,329,1416.5,0.5
745,New York,1998,283,1691.2,0.6
746,New York,1999,651,6060.400000000001,2.14
747,New York,2000,639,1301.5999999999997,0.46
748,New York,2001,1549,6795.100000000001,2.4
749,New York,2002,1161,3557.400000000001,1.26
750,New York,2003,1918,3364.399999999991,1.19
751,New York,2004,1325,2256.8000000000006,0.8
752,New York,2005,2490,4282.599999999997,1.51
753,New York,2006,2817,6185.9000000000015,2.19
754,New York,2007,1852,3455.2000000000053,1.22
755,New York,2008,2623,7460.599999999994,2.64
756,New York,2009,2257,4730.299999999997,1.67
757,New York,2010,1427,3644.1999999999975,1.29
758,New York,2011,514,998.3999999999988,0.35
759,New York,2012,762,3128.099999999999,1.11
760,New York,2013,725,2090.1,0.74
761,New York,2014,1154,2573.999999999993,0.91
762,New York,2015,1897,6789.700000000003,2.4
763,North Carolina,1992,3488,27129.2,9.3
764,North Carolina,1993,2781,26153.2,8.97
765,North Carolina,1994,3413,44573.0,15.28
766,North Carolina,1995,3026,23068.7,7.91
767,North Carolina,1996,2201,16876.900000000023,5.79
768,North Carolina,1997,2254,16883.300000000014,5.79
769,North Carolina,1998,2228,16414.300000000014,5.63
770,North Carolina,1999,1899,24549.09999999999,8.42
771,North Carolina,2000,2374,38226.79999999997,13.1
772,North Carolina,2001,3981,43630.699999999844,14.96
773,North Carolina,2002,2878,28948.800000000014,9.92
774,North Carolina,2003,926,7840.199999999999,2.69
775,North Carolina,2004,2115,16146.700000000008,5.54
776,North Carolina,2005,1997,15658.000000000007,5.37
777,North Carolina,2006,2233,22678.200000000008,7.77
778,North Carolina,2007,3190,49490.39999999993,16.97
779,North Carolina,2008,2019,81709.39999999997,28.01
780,North Carolina,2009,1350,18893.4,6.48
781,North Carolina,2010,1612,16394.80000000001,5.62
782,North Carolina,2011,2292,108780.4999999999,37.29
783,North Carolina,2012,1250,34828.49999999996,11.94
784,North Carolina,2013,1204,13663.600000000008,4.68
785,North Carolina,2014,1632,14322.500000000004,4.91
786,North Carolina,2015,790,10721.100000000002,3.68
787,North Dakota,1992,306,6351.4,1.53
788,North Dakota,1993,287,3899.1999999999994,0.94
789,North Dakota,1994,364,11704.9,2.83
790,North Dakota,1995,185,2018.8,0.49
791,North Dakota,1996,321,4732.9,1.14
792,North Dakota,1997,278,6133.7,1.48
793,North Dakota,1998,272,7673.500000000007,1.85
794,North Dakota,1999,290,70909.20000000001,17.13
795,North Dakota,2000,380,18069.5,4.36
796,North Dakota,2001,368,6499.1,1.57
797,North Dakota,2002,571,52701.90000000001,12.73
798,North Dakota,2003,667,22459.199999999997,5.42
799,North Dakota,2004,689,18224.0,4.4
800,North Dakota,2005,789,18698.4,4.52
801,North Dakota,2006,805,23652.800000000007,5.71
802,North Dakota,2007,680,18821.0,4.55
803,North Dakota,2008,530,29864.100000000006,7.21
804,North Dakota,2009,311,3293.399999999998,0.8
805,North Dakota,2010,309,3732.7,0.9
806,North Dakota,2011,246,4018.8999999999987,0.97
807,North Dakota,2012,656,41608.9,10.05
808,North Dakota,2013,333,6634.799999999999,1.6
809,North Dakota,2014,270,3851.3999999999983,0.93
810,North Dakota,2015,686,25728.4,6.21
811,Ohio,1992,19,101.0,0.04
812,Ohio,1993,7,41.0,0.02
813,Ohio,1994,16,123.4,0.05
814,Ohio,1995,40,290.5,0.12
815,Ohio,1996,5,69.0,0.03
816,Ohio,1997,6,37.0,0.02
817,Ohio,1998,16,201.0,0.08
818,Ohio,1999,26,701.5,0.29
819,Ohio,2000,21,367.8,0.15
820,Ohio,2001,44,930.8000000000001,0.38
821,Ohio,2002,54,328.0,0.13
822,Ohio,2003,29,1820.8,0.74
823,Ohio,2004,39,218.2,0.09
824,Ohio,2005,61,1062.1,0.43
825,Ohio,2006,174,1267.1,0.52
826,Ohio,2007,179,807.4000000000001,0.33
827,Ohio,2008,92,477.2,0.19
828,Ohio,2009,196,4767.2,1.94
829,Ohio,2010,150,1507.1,0.61
830,Ohio,2011,46,279.6,0.11
831,Ohio,2012,113,1072.1,0.44
832,Ohio,2013,230,1690.1999999999998,0.69
833,Ohio,2014,429,3430.4000000000005,1.4
834,Ohio,2015,330,2028.2999999999995,0.83
835,Oklahoma,1992,1215,47510.99999999999,11.54
836,Oklahoma,1993,1806,69674.80000000002,16.93
837,Oklahoma,1994,1550,75073.4,18.24
838,Oklahoma,1995,2136,94356.49999999999,22.93
839,Oklahoma,1996,2151,207371.2,50.39
840,Oklahoma,1997,885,19620.800000000003,4.77
841,Oklahoma,1998,763,17931.1,4.36
842,Oklahoma,1999,1604,16405.8,3.99
843,Oklahoma,2000,1590,112710.69999999998,27.39
844,Oklahoma,2001,1259,30340.0,7.37
845,Oklahoma,2002,1475,42844.1,10.41
846,Oklahoma,2003,1368,100357.70000000003,24.38
847,Oklahoma,2004,1372,70005.9,17.01
848,Oklahoma,2005,2204,292877.90000000014,71.16
849,Oklahoma,2006,2566,416379.79999999993,101.17
850,Oklahoma,2007,1092,56901.60000000001,13.83
851,Oklahoma,2008,1731,145976.4999999999,35.47
852,Oklahoma,2009,1663,403734.39999999985,98.1
853,Oklahoma,2010,1794,112813.4,27.41
854,Oklahoma,2011,2144,327062.6999999998,79.47
855,Oklahoma,2012,1385,203898.40000000005,49.54
856,Oklahoma,2013,572,30060.799999999996,7.3
857,Oklahoma,2014,976,187566.2,45.57
858,Oklahoma,2015,1003,149267.8,36.27
859,Oregon,1992,645,117001.00000000006,20.32
860,Oregon,1993,288,13659.599999999993,2.37
861,Oregon,1994,704,275675.9999999999,47.87
862,Oregon,1995,378,61043.100000000035,10.6
863,Oregon,1996,687,590341.3000000002,102.5
864,Oregon,1997,359,24371.69999999999,4.23
865,Oregon,1998,470,82817.70000000006,14.38
866,Oregon,1999,635,71858.80000000006,12.48
867,Oregon,2000,421,365233.49999999977,63.42
868,Oregon,2001,682,383873.0999999997,66.65
869,Oregon,2002,627,1010785.8000000003,175.51
870,Oregon,2003,430,169335.49999999988,29.4
871,Oregon,2004,297,30132.19999999998,5.23
872,Oregon,2005,388,139467.50000000012,24.22
873,Oregon,2006,664,500243.49999999994,86.86
874,Oregon,2007,590,566955.3,98.44
875,Oregon,2008,557,240605.19999999984,41.78
876,Oregon,2009,416,88786.6000000001,15.42
877,Oregon,2010,297,87530.2,15.2
878,Oregon,2011,383,223817.39999999988,38.86
879,Oregon,2012,346,1530934.5000000012,265.82
880,Oregon,2013,474,319146.8,55.41
881,Oregon,2014,629,933731.1999999997,162.13
882,Oregon,2015,507,578861.4999999995,100.51
883,Pennsylvania,1992,4,57.1,0.02
884,Pennsylvania,1993,4,38.5,0.01
885,Pennsylvania,1994,10,64.0,0.02
886,Pennsylvania,1995,9,48.8,0.02
887,Pennsylvania,1996,4,17.5,0.01
888,Pennsylvania,1997,10,107.5,0.04
889,Pennsylvania,1998,10,52.8,0.02
890,Pennsylvania,1999,15,490.90000000000003,0.18
891,Pennsylvania,2000,11,356.4,0.13
892,Pennsylvania,2001,17,739.0,0.28
893,Pennsylvania,2002,318,3111.9999999999995,1.16
894,Pennsylvania,2003,234,2048.1000000000004,0.76
895,Pennsylvania,2004,88,2747.2000000000003,1.02
896,Pennsylvania,2005,431,4102.200000000001,1.53
897,Pennsylvania,2006,448,7799.70000000001,2.91
898,Pennsylvania,2007,208,1076.8999999999996,0.4
899,Pennsylvania,2008,301,7533.000000000008,2.81
900,Pennsylvania,2009,343,6142.099999999998,2.29
901,Pennsylvania,2010,274,3440.700000000001,1.28
902,Pennsylvania,2011,84,560.1999999999999,0.21
903,Pennsylvania,2012,386,3137.1999999999994,1.17
904,Pennsylvania,2013,289,1707.1999999999991,0.64
905,Pennsylvania,2014,518,4431.300000000001,1.65
906,Pennsylvania,2015,441,4043.6999999999985,1.51
907,Rhode Island,1994,1,25.0,0.4
908,Rhode Island,2005,18,36.0,0.58
909,Rhode Island,2006,25,93.0,1.5
910,Rhode Island,2007,21,37.0,0.6
911,Rhode Island,2008,35,81.0,1.31
912,Rhode Island,2009,21,43.0,0.69
913,Rhode Island,2011,13,22.0,0.35
914,Rhode Island,2012,13,30.200000000000003,0.49
915,Rhode Island,2013,8,13.5,0.22
916,Rhode Island,2014,7,12.5,0.2
917,Rhode Island,2015,38,111.6,1.8
918,South Carolina,1992,3687,30807.69999999997,17.08
919,South Carolina,1993,3678,33868.099999999984,18.78
920,South Carolina,1994,3239,30020.99999999997,16.64
921,South Carolina,1995,2429,17510.700000000008,9.71
922,South Carolina,1996,3181,28290.699999999993,15.69
923,South Carolina,1997,2216,25013.199999999997,13.87
924,South Carolina,1998,2344,16072.500000000011,8.91
925,South Carolina,1999,3835,35510.79999999997,19.69
926,South Carolina,2000,3389,24780.09999999999,13.74
927,South Carolina,2001,4140,35991.19999999996,19.95
928,South Carolina,2002,3451,45151.29999999996,25.03
929,South Carolina,2003,877,6609.0,3.66
930,South Carolina,2004,2207,23153.199999999993,12.84
931,South Carolina,2005,1968,14543.800000000003,8.06
932,South Carolina,2006,1991,17408.299999999996,9.65
933,South Carolina,2007,2822,21944.699999999997,12.17
934,South Carolina,2008,1869,17157.39999999999,9.51
935,South Carolina,2009,1194,30417.1,16.86
936,South Carolina,2010,1441,9264.800000000003,5.14
937,South Carolina,2011,2331,29428.699999999964,16.32
938,South Carolina,2012,1432,15278.100000000006,8.47
939,South Carolina,2013,1145,9335.599999999993,5.18
940,South Carolina,2014,1322,11057.499999999998,6.13
941,South Carolina,2015,922,6508.700000000003,3.61
942,South Dakota,1992,231,59359.8,13.05
943,South Dakota,1993,162,6090.399999999999,1.34
944,South Dakota,1994,390,16435.300000000003,3.61
945,South Dakota,1995,219,10201.199999999999,2.24
946,South Dakota,1996,337,18603.2,4.09
947,South Dakota,1997,192,4251.599999999999,0.93
948,South Dakota,1998,331,13994.999999999998,3.08
949,South Dakota,1999,706,80243.10000000002,17.64
950,South Dakota,2000,1333,355090.3,78.06
951,South Dakota,2001,623,55130.4,12.12
952,South Dakota,2002,885,118313.60000000002,26.01
953,South Dakota,2003,793,81318.10000000002,17.88
954,South Dakota,2004,432,14493.899999999996,3.19
955,South Dakota,2005,773,47388.4,10.42
956,South Dakota,2006,1303,197333.09999999995,43.38
957,South Dakota,2007,665,80948.60000000002,17.8
958,South Dakota,2008,549,41312.1,9.08
959,South Dakota,2009,452,38622.2,8.49
960,South Dakota,2010,202,5558.4,1.22
961,South Dakota,2011,716,65909.00000000003,14.49
962,South Dakota,2012,1416,170243.0,37.43
963,South Dakota,2013,314,14956.8,3.29
964,South Dakota,2014,395,18633.9,4.1
965,South Dakota,2015,447,53479.39999999999,11.76
966,Tennessee,1992,41,426.6,0.17
967,Tennessee,1993,35,862.2,0.35
968,Tennessee,1994,54,3296.2999999999997,1.33
969,Tennessee,1995,73,2041.9,0.83
970,Tennessee,1996,33,479.3,0.19
971,Tennessee,1997,1049,12949.4,5.23
972,Tennessee,1998,1299,20723.100000000006,8.38
973,Tennessee,1999,2438,42001.19999999992,16.98
974,Tennessee,2000,1961,75814.20000000001,30.64
975,Tennessee,2001,1850,61965.29999999998,25.05
976,Tennessee,2002,1078,13247.5,5.35
977,Tennessee,2003,25,1611.0,0.65
978,Tennessee,2004,51,2462.5,1.0
979,Tennessee,2005,1539,24723.7,9.99
980,Tennessee,2006,1727,32666.499999999967,13.2
981,Tennessee,2007,2515,54099.7,21.87
982,Tennessee,2008,1010,22538.09999999999,9.11
983,Tennessee,2009,1050,18041.500000000004,7.29
984,Tennessee,2010,1418,21973.999999999993,8.88
985,Tennessee,2011,897,14717.600000000006,5.95
986,Tennessee,2012,839,21639.800000000003,8.75
987,Tennessee,2013,485,10020.1,4.05
988,Tennessee,2014,1073,17813.60000000001,7.2
989,Tennessee,2015,471,8489.7,3.43
990,Texas,1992,1129,33602.1,2.14
991,Texas,1993,1397,116863.7,7.46
992,Texas,1994,834,70903.5,4.52
993,Texas,1995,1589,56359.7,3.6
994,Texas,1996,2777,216209.8,13.79
995,Texas,1997,712,46771.0,2.98
996,Texas,1998,1960,136536.59999999998,8.71
997,Texas,1999,1714,60016.5,3.83
998,Texas,2000,2561,181674.8,11.59
999,Texas,2001,705,92214.7,5.88
1000,Texas,2002,1116,43770.1,2.79
1001,Texas,2003,1029,54340.899999999994,3.47
1002,Texas,2004,930,34526.8,2.2
1003,Texas,2005,6750,288813.5,18.43
1004,Texas,2006,14863,1852716.2,118.2
1005,Texas,2007,4624,134788.10000000003,8.6
1006,Texas,2008,14235,1482348.1000000003,94.57
1007,Texas,2009,10430,556824.3,35.53
1008,Texas,2010,7106,237590.79999999967,15.16
1009,Texas,2011,15203,3497593.7999999905,223.15
1010,Texas,2012,5660,162611.69999999998,10.37
1011,Texas,2013,6818,70969.70000000008,4.53
1012,Texas,2014,5431,143125.3,9.13
1013,Texas,2015,5498,208167.69999999975,13.28
1014,Utah,1992,317,37415.19999999999,7.59
1015,Utah,1993,215,19812.5,4.02
1016,Utah,1994,586,213385.3,43.28
1017,Utah,1995,398,199005.19999999995,40.36
1018,Utah,1996,660,511002.1999999999,103.65
1019,Utah,1997,250,32432.800000000003,6.58
1020,Utah,1998,277,96469.40000000002,19.57
1021,Utah,1999,510,148367.4,30.09
1022,Utah,2000,484,227270.49999999994,46.1
1023,Utah,2001,419,123885.00000000001,25.13
1024,Utah,2002,283,238985.89999999997,48.47
1025,Utah,2003,303,122797.00000000001,24.91
1026,Utah,2004,300,85320.00000000006,17.31
1027,Utah,2005,479,251966.60000000018,51.11
1028,Utah,2006,675,345805.7,70.14
1029,Utah,2007,492,645054.8,130.84
1030,Utah,2008,265,33997.29999999999,6.9
1031,Utah,2009,271,114352.20000000001,23.19
1032,Utah,2010,246,62531.39999999997,12.68
1033,Utah,2011,320,61928.40000000001,12.56
1034,Utah,2012,477,432744.69999999984,87.77
1035,Utah,2013,235,70259.00000000003,14.25
1036,Utah,2014,220,27059.799999999996,5.49
1037,Utah,2015,114,9754.900000000003,1.98
1038,Vermont,1992,1,270.0,0.49
1039,Vermont,1993,1,3.0,0.01
1040,Vermont,1994,4,25.1,0.05
1041,Vermont,1995,1,1.0,0.0
1042,Vermont,1997,2,3.0,0.01
1043,Vermont,1998,2,14.0,0.03
1044,Vermont,1999,3,10.5,0.02
1045,Vermont,2002,2,4.0,0.01
1046,Vermont,2003,5,7.0,0.01
1047,Vermont,2004,6,13.0,0.02
1048,Vermont,2005,11,20.0,0.04
1049,Vermont,2006,2,5.8,0.01
1050,Vermont,2007,1,10.0,0.02
1051,Vermont,2008,2,18.0,0.03
1052,Vermont,2012,43,345.8,0.63
1053,Vermont,2013,70,265.1,0.48
1054,Vermont,2014,33,157.6,0.28
1055,Vermont,2015,45,337.2,0.61
1056,Virginia,1992,24,432.0,0.18
1057,Virginia,1993,26,559.2,0.24
1058,Virginia,1994,47,1198.4,0.51
1059,Virginia,1995,871,15002.000000000024,6.33
1060,Virginia,1996,462,3186.899999999999,1.35
1061,Virginia,1997,580,5081.900000000001,2.14
1062,Virginia,1998,640,9170.3,3.87
1063,Virginia,1999,942,19122.20000000001,8.07
1064,Virginia,2000,545,32098.2,13.55
1065,Virginia,2001,1205,20694.300000000003,8.73
1066,Virginia,2002,845,19705.200000000004,8.32
1067,Virginia,2003,187,5542.5,2.34
1068,Virginia,2004,182,3203.699999999999,1.35
1069,Virginia,2005,462,5344.700000000001,2.26
1070,Virginia,2006,762,23849.600000000006,10.07
1071,Virginia,2007,817,15755.000000000016,6.65
1072,Virginia,2008,822,42682.59999999998,18.01
1073,Virginia,2009,472,7958.000000000001,3.36
1074,Virginia,2010,630,11452.599999999999,4.83
1075,Virginia,2011,564,24948.299999999996,10.53
1076,Virginia,2012,426,48012.500000000015,20.26
1077,Virginia,2013,354,5815.899999999999,2.45
1078,Virginia,2014,576,12501.000000000002,5.28
1079,Virginia,2015,407,6278.200000000001,2.65
1080,Washington,1992,487,89475.30000000006,22.44
1081,Washington,1993,211,22502.19999999999,5.64
1082,Washington,1994,592,271189.39999999973,68.01
1083,Washington,1995,326,6568.600000000001,1.65
1084,Washington,1996,348,148006.99999999997,37.12
1085,Washington,1997,239,27440.699999999993,6.88
1086,Washington,1998,388,111435.59999999998,27.95
1087,Washington,1999,446,25993.399999999998,6.52
1088,Washington,2000,405,285100.5999999998,71.5
1089,Washington,2001,405,223649.5999999999,56.09
1090,Washington,2002,449,91300.09999999995,22.9
1091,Washington,2003,440,199354.7999999998,50.0
1092,Washington,2004,413,93601.10000000002,23.47
1093,Washington,2005,316,138749.20000000007,34.8
1094,Washington,2006,426,398289.1999999998,99.89
1095,Washington,2007,391,264458.3999999999,66.32
1096,Washington,2008,421,117730.20000000003,29.53
1097,Washington,2009,495,86830.30000000008,21.78
1098,Washington,2010,258,92933.99999999999,23.31
1099,Washington,2011,255,38510.70000000002,9.66
1100,Washington,2012,437,280621.1,70.38
1101,Washington,2013,374,153412.49999999997,38.47
1102,Washington,2014,449,449744.79999999964,112.79
1103,Washington,2015,593,1161472.7000000014,291.29
1104,West Virginia,1992,432,7453.200000000001,5.17
1105,West Virginia,1993,510,9355.5,6.49
1106,West Virginia,1994,680,50833.299999999996,35.25
1107,West Virginia,1995,784,41479.200000000004,28.76
1108,West Virginia,1996,343,5787.299999999999,4.01
1109,West Virginia,1997,375,7463.4,5.17
1110,West Virginia,1998,558,20473.6,14.2
1111,West Virginia,1999,1154,103132.20000000001,71.51
1112,West Virginia,2000,692,50308.799999999996,34.88
1113,West Virginia,2001,1058,95386.1,66.14
1114,West Virginia,2002,540,10703.000000000002,7.42
1115,West Virginia,2003,327,8316.2,5.77
1116,West Virginia,2004,327,6035.6,4.18
1117,West Virginia,2005,388,15354.2,10.65
1118,West Virginia,2006,583,16050.000000000002,11.13
1119,West Virginia,2007,429,7428.4,5.15
1120,West Virginia,2008,477,14259.7,9.89
1121,West Virginia,2009,595,16535.0,11.46
1122,West Virginia,2010,495,25381.3,17.6
1123,West Virginia,2011,275,5760.5,3.99
1124,West Virginia,2012,380,16673.200000000004,11.56
1125,West Virginia,2013,303,9647.7,6.69
1126,West Virginia,2014,529,13531.300000000001,9.38
1127,West Virginia,2015,361,17178.5,11.91
1128,Wisconsin,1992,388,2381.6000000000026,0.73
1129,Wisconsin,1993,266,1353.0000000000002,0.42
1130,Wisconsin,1994,699,5039.399999999999,1.55
1131,Wisconsin,1995,528,2148.1999999999985,0.66
1132,Wisconsin,1996,516,2781.5000000000027,0.86
1133,Wisconsin,1997,528,2439.1999999999985,0.75
1134,Wisconsin,1998,473,3930.300000000001,1.21
1135,Wisconsin,1999,516,5189.100000000002,1.6
1136,Wisconsin,2000,544,6860.100000000002,2.11
1137,Wisconsin,2001,243,1271.3000000000002,0.39
1138,Wisconsin,2002,295,2512.500000000001,0.77
1139,Wisconsin,2003,734,8873.400000000016,2.73
1140,Wisconsin,2004,381,2243.5,0.69
1141,Wisconsin,2005,470,6366.800000000004,1.96
1142,Wisconsin,2006,445,2923.8999999999987,0.9
1143,Wisconsin,2007,400,4315.399999999999,1.33
1144,Wisconsin,2008,158,824.1,0.25
1145,Wisconsin,2009,496,4003.499999999997,1.23
1146,Wisconsin,2010,369,2404.3999999999987,0.74
1147,Wisconsin,2011,156,565.9999999999999,0.17
1148,Wisconsin,2012,427,2630.4999999999995,0.81
1149,Wisconsin,2013,167,9053.900000000007,2.79
1150,Wisconsin,2014,175,2765.3000000000006,0.85
1151,Wisconsin,2015,322,2614.4000000000005,0.8
1152,Wyoming,1992,292,22151.100000000002,3.8
1153,Wyoming,1993,76,5290.200000000001,0.91
1154,Wyoming,1994,431,64466.30000000002,11.07
1155,Wyoming,1995,237,12494.400000000001,2.14
1156,Wyoming,1996,563,270075.1,46.36
1157,Wyoming,1997,82,8299.9,1.42
1158,Wyoming,1998,70,4627.1,0.79
1159,Wyoming,1999,132,39654.799999999996,6.81
1160,Wyoming,2000,293,367657.19999999995,63.11
1161,Wyoming,2001,265,66911.40000000001,11.49
1162,Wyoming,2002,285,133490.30000000002,22.91
1163,Wyoming,2003,233,91846.69999999998,15.77
1164,Wyoming,2004,145,19196.5,3.3
1165,Wyoming,2005,206,26131.600000000006,4.49
1166,Wyoming,2006,332,245217.29999999987,42.09
1167,Wyoming,2007,238,94096.3,16.15
1168,Wyoming,2008,185,102223.00000000006,17.55
1169,Wyoming,2009,175,23603.4,4.05
1170,Wyoming,2010,287,86892.49999999999,14.92
1171,Wyoming,2011,354,134775.40000000002,23.14
1172,Wyoming,2012,609,482226.00000000006,82.78
1173,Wyoming,2013,240,54267.69999999998,9.32
1174,Wyoming,2014,308,7680.900000000002,1.32
1175,Wyoming,2015,356,36777.0,6.31
